lectures/1_*_notes.pdf	§1. Введение
lectures/1_*.pdf	§1. Введение
lectures/2_*_notes.pdf	§2. Автодифференцирование и матричное исчисление
lectures/2_*.pdf	§2. Автодифференцирование и матричное исчисление
lectures/3_*_notes.pdf	§3. Выпуклость и методы нулевого порядка
lectures/3_*.pdf	§3. Выпуклость и методы нулевого порядка
lectures/4_*	§4. Градиентный спуск, линейный поиск, субградиенты
lectures/5_*	§5. Проектируемый субградиентный спуск
lectures/6_*	§6. Адаптивные метрики
lectures/7_*	§7. Линейное программирование
lectures/8_*	§8. Стохастические градиенты
lectures/9_*	§9. Нейронные сети
