01	01-splines	Сплайн-аппроксимация, интерполяция	Приближение	Л8
02	02-ml-inverse-problems	Машинное обучение и искусственные нейронные сети как обратные задачи. Регуляризация	Машинное обучение	—
03	03-decision-bayes-minimax	Общая проблема принятия решения. Функция потерь. Байесовский и минимаксный подходы	Решения и статистика	Л1
04	04-observers-luenberger	Наблюдатели динамических систем. Наблюдатель Люенбергера	Управление	Л2
05	05-wavelets	Методы вейвлет-анализа	Функциональный анализ и преобразования	Л3
06	06-optimal-control-pontryagin	Задачи оптимального управления. Принцип максимума	Управление	Л4
07	07-fourier-laplace-haar	Преобразования Фурье, Лапласа, Хаара	Функциональный анализ и преобразования	Л3
08	08-random-variables-correlation	Случайные величины и векторы. Элементы корреляционной теории случайных величин	Решения и статистика	—
09	09-hilbert-riesz	Метрические и нормированные пространства. Гильбертовы пространства. Теорема Рисса	Функциональный анализ и преобразования	Л6
10	10-multivariate-minimization	Методы минимизации функций многих переменных	Оптимизация	Л5
11	11-chebyshev-polynomials	Многочлены Чебышёва I рода	Приближение	—
12	12-lln-clt	Закон больших чисел. Центральная предельная теорема	Решения и статистика	Л8
13	13-numerical-diff-int	Численное дифференцирование и интегрирование	Приближение	Л9
14	14-interval-estimation-tests	Интервальное оценивание. Проверка статистических гипотез	Решения и статистика	Л8
15	15-functionals-hahn-banach	Линейные непрерывные функционалы. Теорема Хана — Банаха	Функциональный анализ и преобразования	Л6
16	16-pca-ica	Методы машинного обучения: PCA (главных компонент) и ICA (независимых компонент), и их применение	Машинное обучение	—
17	17-monte-carlo	Метод Монте-Карло	Решения и статистика	—
18	18-linear-logistic-regression	Линейная и логистическая регрессии	Машинное обучение	Л7
19	19-best-uniform-approximation	Наилучшее равномерное приближение	Приближение	—
20	20-markov-decision-process	Марковский процесс принятия решения	Управление	—
